,yeezy_gaplisting
0,Nike dun Ashes Casual Sneaker Men's Shoes$164
1,Nike Air Force 1 AF1 PLT.AF.ORM NWT$129
2,Brand new kyrie 7 midnight navy NWT$172
3,Nike Dri-fit Racer Back Tank$13
4,NIKE AIR MAX SC SE BRAND ðŸ”¥ NEW NWT$89
5,Nike Odyssey React Shield Size 8 Womens Running Shoes Black Mauve$52
6,Nike dunk Loafers$168
7,Women Nike Dunk Low Triple Pink Sneakers Athletic Shoes$210
8,Nike Golf mens charcoal seafoam Brickyard Crossing striped drifit polo L EUC$18
9,"Nike SB Dunk low J-Pack ""Shadow""$178"
10,Nike Airmax 95 LE GS Sneakers$30
11,Nike DUNK HIGH UP NWT$134
12,Men's Nike Shirts$20
13,Nike Dunk Low Black and White Panda Women's Shoes$169
14,Nike React Element 87 Moss mens size 4.5/ Womens 6.5$60
15,NWT Nike Fleece High Rise Shorts | Pink | Women's XXL NWT$22
16,Nike Dunk SB High Black Yellow Goldenrod DB1640 001 NWT$175
17,Nike Air Jordan 7 Black Patent Leather Crimson 313358-006 Sz Women's 7 Men 4.5$125
18,2014 Nike Air Jordan 7 Retro Gg 30th Lola Bunny$104
19,Great orange colored Nike Sphere Dry Golf shirt in size large.$15
20,Nike dunk Black and White Panda Casual Sneaker Men's shoes$164
21,Mens Nike New York Yankees Blue Pregame Crew Top Long Sleeve Shirt NWT$55
22,Vintage Nike USA Gray Basketball Dunk T Shirt Sz L$30
23,Nike Mens Air Baseline Low Basketball Shoes White Size 9$25
24,"Nike Dri-Fit Girls Tempo Core Dry 4"" Running Shorts$16"
25,Nike Air Max 90 ST Patrick's Day Sz 13$175
26,"Nike Musique 4 Women's Sneakers Size 5.5 Beige, White$39"
27,Nike infant shoes ðŸ‘Ÿ$12
28,Nike black shimmer tank top$20
29,NEW Nike AIR ZOOM STRUCTURE 23 Men's Running Shoes Mango Black US Size 10 NIB NWT$72
30,NWOT Nike Tanjun Sandals$32
31,Nike Brazil ðŸ‡§ðŸ‡· Olympics Jacket NWT$150
32,Nike Toddler Girl Gray / Pink Printed Running Short 2-3 Years$15
33,~Boys size large Nike skateboard Dri Fit t-shirt$21
34,Nike Club AmÃ©rica DRI-FIT Academy Drill Top 1/4-Zip Size Large DH7704-010 NWT$55
35,Nike Zoom Freak 3 Primary Colors$109
36,ALL ITEMS IN MY CLOSET ARE 20% OFF TODAY ONLY!!!! NWT$20
37,Nike Golf Men's XXL White Striped Polyester Short Sleeve Dri-Fit Polo Golf Shirt$17
38,Nike Pro Dri-FIT Tank$36
39,Nike Womens 7.5 Air Max 1 Ultra Moire Fiberglass Green Shoes 704995$36
40,Nike shirt$15
41,Nike Sportswear Womenâ€™s Tech Fleece Jersey Capris in Black$30
42,Nike Running shoes Black White Red Burgundy Flex Contact Men's Size 13$45
43,Nike comfy slip on$19
44,Nike | Air Zoom Pegasus 36 Running Shoes - Black ; Womens 7$40
45,Nike Air Max Sequent 2 Shoes Knit Running Shoes 852461-002 Gray Black Mens Sz 15$70
46,NIKE OU OKLAHOMA SOONERS Red T SHIRT Womens L The Nike Tee$15
