,Item,Cost,Wear
0,Yeezy GAP Hoodie - Black - Adult Size XLarge - Brand New - Free Shipping!,$164.99,Brand New
1,Yeezy Gap Hoodie Red Size L - Kayne West & Gap - BRAND NEW,$120.00,New (Other)
2,Yeezy Gap Hoodie Black,$120.00,Pre-Owned
3,yeezy gap hoodie brown medium,$65.00,Pre-Owned
4,Brand New - Yeezy GAP Hoodie - Size XLarge - Free Shipping - Black,$129.95,New (Other)
5,Yeezy GAP Hoodie - Black - Adult Size XXLarge - Brand New - Free Shipping!,$149.99,Brand New
6,[NEW] Yeezy Gap Hoodie Black Mens Size X-Large Hooded Sweatshirt YZY Kanye West,$120.00,Brand New
7,Yeezy Gap Hoodie Black Mens Size SMALL Sweatshirt YZY Kanye West AUTHENTIC,$90.00,Pre-Owned
8,Yeezy GAP Hoodie - Black - Adult Size XLarge - Brand New - Free Shipping!,$150.00,Brand New
9,Yeezy Gap Hoodie Brown Size Medium - Kayne West & Gap,$94.99,Pre-Owned
10,NEW Yeezy Gap Hoodie Men's Size Small (S) Royal Blue Double Layer Boxy,$99.99,Brand New
11,Yeezy Gap Hoodie - BLANK HEAVYWEIGHT (double layered) - Yellow - Size S,$109.99,Pre-Owned
12,Yeezy Gap Hoodie Black Men's Large,$175.00,Brand New
13,NEW Yeezy Gap Hoodie Men's Size Small (S) Purple Double Layer Boxy,$99.99,Brand New
14,Yeezy Gap Hoodie Blue Medium,$120.00,Brand New
15,Yeezy Gap Hoodie Black Mens XXL,$175.00,Brand New
16,Yeezy Gap Hoodie Blue Size L - Kayne West & Gap - BRAND NEW,$125.00,Brand New
17,Yeezy Gap Hoodie Black | Size XXL | Brand New,$149.65,Brand New
18,Yeezy Gap Hoodie Light Brown Size Large,$149.88,Pre-Owned
19,Yeezy Gap Hoodie Purple Size Large - Order Confirmed,$188.88,Brand New
20,Yeezy Gap Hoodie Black Size L - Kayne West & Gap - BRAND NEW,$150.00,Brand New
21,Yeezy GAP Hoodie - Black - Adult Size Medium - Brand New - Free Shipping!,$199.99,Brand New
22,Yeezy Gap Hoodie Purple Size L - Kayne West & Gap - BRAND NEW,$219.95,Brand New
23,Yeezy Gap Hoodie Black | Size M | Brand New,$168.36,Brand New
24,Yeezy Gap Hoodie - BLANK HEAVYWEIGHT (double layered) - Red - Size S,$129.99,Pre-Owned
25,yeezy gap hoodie brown medium,$125.00,New (Other)
26,[NEW] Yeezy Gap Hoodie Black Mens Size XXL Hooded Sweatshirt YZY,$135.00,Brand New
27,New-No-Tag Yeezy Gap Hoodie Black - Youth Large ,$99.99,New (Other)
28,Yeezy Gap Hoodie Brown Size Small - BRAND NEW SHIPS SAME DAY!,$125.00,Brand New
29,yeezy gap hoodie kids ( Lot Of 14),$550.00,Brand New
30,Yeezy Gap Hoodie Blue Youth/Boys Large With Original Packaging,$50.00,Pre-Owned
31,BRAND NEW YEEZY GAP HOODIE BLACK SIZE SMALL *CONFIRMED ORDER* FREE SHIPPING,$200.00,Brand New
32,Yeezy Gap Hoodie Black Mens Size XXL Hooded Sweatshirt YZY Kanye West,$150.00,Pre-Owned
33,Yeezy Gap Hoodie,$154.00,Brand New
34,Yeezy Gap Hoodie Black Size XL - Kayne West & Gap - BRAND NEW,$169.95,Brand New
35,Yeezy Gap Hoodie Light Brown Size Large,$150.00,Brand New
36,Yeezy Gap Hoodie | Light Brown | Unisex Medium | NWT NEW | IN HAND READY TO SHIP,$139.30,Brand New
37,Yeezy Gap Hoodie - Kanye West 2020 Vision Double Layered - Purple - Size M,$319.99,Pre-Owned
38,YEEZY GAP Hoodie Size xs  adult Red Confirmed Order,$130.00,Brand New
39,YEEZY GAP Hoodie Brown Adult Size M,$250.00,Brand New
40,Yeezy Gap Hoodie Black | Size S | Brand New,$142.17,Brand New
41,Yeezy Gap Hoodie Black Size L - Kayne West & Gap - BRAND NEW,$175.00,Brand New
42,LIMITED Kanye 2020 Vision Hoodie Yeezy Gap Hoodie Sample SIZE LARGE **IN HAND**,"$1,249.00",Pre-Owned
43,Yeezy Gap Hoodie Black Size L - Kayne West & Gap - BRAND NEW,$169.99,Brand New
44,Yeezy Gap Hoodie Black | Size Kids L | Brand New,$86.05,Brand New
45,Yeezy Gap Hoodie Red Size L - Kayne West & Gap - BRAND NEW,$219.95,Brand New
46,Yeezy Gap Hoodie Black | Size XS | Brand New,$112.24,Brand New
47,yeezy gap hoodie,$150.00,Brand New
48,yeezy gap hoodie purple xxl,$220.00,New (Other)
49,Yeezy Gap Hoodie Purple | Size M | Brand New,$130.94,Brand New
50,Yeezy GAP hoodie black youth large,$90.00,New (Other)
51,LIMITED Kanye 2020 Vision Hoodie Yeezy Gap Hoodie Sample SIZE LARGE *IN HAND*,$485.00,Brand New
52,yeezy gap hoodie XL. 100% Authentic With Original Gap Receipt. Run Large.,$425.00,New (Other)
53,Yeezy Gap Hoodie Blue Size L - Kayne West & Gap - BRAND NEW,$169.95,Brand New
54,Kanye 2020 Vision Hoodie Yeezy Gap Hoodie Sample Medium w/ Hat,$849.99,Brand New
55,Yeezy Gap Hoodie Blue Size S *** In Hand,$112.50,Brand New
56,Yeezy GAP Hoodie Blue Adult Size Small,$145.95,Brand New
57,Yeezy Gap Hoodie Brown Size XS-XXL 100% Authentic ,$185.00 to $395.00,Brand New
58,Yeezy x Gap Hoodie 'Black',$154.00,Brand New
59,Yeezy Gap Hoodie Light Brown Size L - Kayne West & Gap - BRAND NEW,$219.95,Brand New
60,T DS Red Yeezy Gap Hoodie Sz M,$150.00,Brand New
61,Yeezy Gap Hoodie Light Brown Size XS-XXL 100% Authentic ,$185.00 to $390.00,Brand New
62,Yeezy GAP Hoodie Color Purple Size M In Hand,$145.00,Brand New
63,YEEZY GAP Hoodie Size xs  adult Red,$125.00,Brand New
64,YEEZY GAP Hoodie Size S Blue Brand New,$125.00,Brand New
65,YEEZY GAP HOODIE *IN HAND* FAST SHIPPING BRAND NEW ,$199.99,Brand New
66,Yeezy Gap Hoodie Purple Size XS-XXL 100% Authentic ,$285.00 to $315.00,Brand New
67,yeezy gap hoodie brown medium,$119.00,New (Other)
68,Yeezy Gap Hoodie Blue Size XS-XXL 100% Authentic ,$155.00 to $320.00,Brand New
69,YEEZY GAP Hoodie Sz Small Purple In Hand Brand New Free Shipping Ready To Ship,$150.00,Brand New
70,BRAND NEW YEEZY GAP HOODIE BLUE SIZE SMALL IN HAND FREE SHIPPING,$150.00,Brand New
